{
    "Age_mean": 29.69911764705882,
    "SibSp_mean": 0.5230078563411896,
    "Parch_mean": 0.38159371492704824
}