{
    "prior_probabilities": {
        "0": 0.6161616161616161,
        "1": 0.3838383838383838
    },
    "likelihood_probabilities": {
        "Pclass": {